<?xml version="1.0" encoding="UTF-8"?><idempiere Name="2Pack_1.0.0" Version="1.0.0" idempiereVersion="" DataBaseVersion="" Description="" Author="" AuthorEmail="info@bx-service.com" CreatedDate="2023-03-13 10:47:08.799" UpdatedDate="2023-03-13 10:47:08.799" PackOutVersion="100" UpdateDictionary="false" Client="0-SYSTEM-System" AD_Client_UU="11237b53-9592-4af1-b3c5-afd216514b5d">
    <AD_Menu type="table">
        <Parent_ID reference="id">159</Parent_ID>
        <SeqNo>7</SeqNo>
        <AD_Client_ID>0</AD_Client_ID>
        <AD_Org_ID>0</AD_Org_ID>
        <Name>Change Log Analyzer</Name>
        <Description/>
        <Action>I</Action>
        <AD_Window_ID reference="id"/>
        <AD_Workflow_ID reference="id"/>
        <AD_Task_ID reference="id"/>
        <AD_Org_ID reference="id">0</AD_Org_ID>
        <IsActive>Y</IsActive>
        <IsSummary>N</IsSummary>
        <AD_Process_ID reference="id"/>
        <IsSOTrx>Y</IsSOTrx>
        <AD_Form_ID reference="id"/>
        <IsReadOnly>N</IsReadOnly>
        <EntityType>U</EntityType>
        <IsCentrallyMaintained>Y</IsCentrallyMaintained>
        <AD_Menu_UU>1c3881eb-2b59-422d-8df0-1ae5044bd3fb</AD_Menu_UU>
        <AD_InfoWindow_ID reference="uuid" reference-key="AD_InfoWindow">74b76406-7584-41e6-b8bc-384955f3cd06</AD_InfoWindow_ID>
        <PredefinedContextVariables/>
        <AD_Menu_Trl type="translation">
            <Description/>
            <Name>Change Log Analyzer</Name>
            <AD_Language>es_CO</AD_Language>
            <IsActive>Y</IsActive>
            <IsTranslated>N</IsTranslated>
        </AD_Menu_Trl>
        <AD_InfoWindow type="table">
            <AD_Client_ID>0</AD_Client_ID>
            <AD_Org_ID>0</AD_Org_ID>
            <AD_Org_ID reference="id">0</AD_Org_ID>
            <IsActive>Y</IsActive>
            <Name>Change Log Analyzer</Name>
            <Description/>
            <Help/>
            <AD_Table_ID reference="id">135</AD_Table_ID>
            <EntityType>U</EntityType>
            <FromClause>AD_ChangeLog a
JOIN AD_Table t ON (a.AD_Table_ID=t.AD_Table_ID)
JOIN AD_Column c ON (a.AD_Column_ID=c.AD_Column_ID)</FromClause>
            <OtherClause>GROUP BY a.AD_Table_ID, t.TableName, t.IsChangeLog, CASE WHEN '@ListDetails@'= 'Y' THEN a.AD_Column_ID ELSE NULL END, CASE WHEN '@ListDetails@'= 'Y' THEN c.ColumnName ELSE NULL END, CASE WHEN '@ListDetails@'= 'Y' THEN c.IsAllowLogging ELSE NULL END, a.AD_Table_ID||'|'||CASE WHEN '@ListDetails@'= 'Y' THEN a.AD_Column_ID ELSE 0 END, CASE WHEN '@ListDetails@'= 'Y' THEN a.AD_Column_ID ELSE a.AD_Table_ID END</OtherClause>
            <Processing>N</Processing>
            <AD_InfoWindow_UU>74b76406-7584-41e6-b8bc-384955f3cd06</AD_InfoWindow_UU>
            <WhereClause/>
            <IsDefault>N</IsDefault>
            <IsDistinct>Y</IsDistinct>
            <OrderByClause>COUNT(*) DESC, t.TableName, CASE WHEN '@ListDetails@'= 'Y' THEN c.ColumnName ELSE NULL END</OrderByClause>
            <IsValid>Y</IsValid>
            <AD_CtxHelp_ID reference="id"/>
            <ImageURL/>
            <SeqNo>110</SeqNo>
            <IsShowInDashboard>N</IsShowInDashboard>
            <MaxQueryRecords>0</MaxQueryRecords>
            <isLoadPageNum>Y</isLoadPageNum>
            <PagingSize>0</PagingSize>
            <AD_Window_ID reference="id"/>
            <PO_Window_ID reference="id"/>
            <AD_InfoWindow_Trl type="translation">
                <Description/>
                <Help/>
                <Name>Change Log Analyzer</Name>
                <AD_Language>es_CO</AD_Language>
                <IsActive>Y</IsActive>
                <IsTranslated>N</IsTranslated>
            </AD_InfoWindow_Trl>
            <AD_InfoColumn type="table">
                <AD_Client_ID>0</AD_Client_ID>
                <AD_Org_ID>0</AD_Org_ID>
                <AD_Org_ID reference="id">0</AD_Org_ID>
                <IsActive>Y</IsActive>
                <Name>Column</Name>
                <Description>Column in the table</Description>
                <Help>Link to the database column of the table</Help>
                <AD_InfoWindow_ID reference="uuid" reference-key="AD_InfoWindow">74b76406-7584-41e6-b8bc-384955f3cd06</AD_InfoWindow_ID>
                <EntityType>U</EntityType>
                <SelectClause>CASE WHEN '@ListDetails@'= 'Y' THEN a.AD_Column_ID ELSE NULL END</SelectClause>
                <SeqNo>40</SeqNo>
                <IsDisplayed>N</IsDisplayed>
                <IsQueryCriteria>N</IsQueryCriteria>
                <AD_Element_ID reference="id">104</AD_Element_ID>
                <AD_Reference_ID reference="id">30</AD_Reference_ID>
                <AD_InfoColumn_UU>4d7e66bc-bf5d-4c6e-bf89-0fba665f7015</AD_InfoColumn_UU>
                <AD_Reference_Value_ID reference="id"/>
                <AD_Val_Rule_ID reference="id"/>
                <IsCentrallyMaintained>Y</IsCentrallyMaintained>
                <DisplayLogic/>
                <ColumnName>AD_Column_ID</ColumnName>
                <QueryOperator/>
                <QueryFunction/>
                <IsIdentifier>N</IsIdentifier>
                <SeqNoSelection>0</SeqNoSelection>
                <DefaultValue/>
                <IsMandatory>N</IsMandatory>
                <IsKey>N</IsKey>
                <IsReadOnly>Y</IsReadOnly>
                <Placeholder/>
                <InputFieldValidation/>
                <AD_FieldStyle_ID reference="id"/>
                <IsAutocomplete>N</IsAutocomplete>
                <IsQueryAfterChange>N</IsQueryAfterChange>
                <IsRange>N</IsRange>
                <DefaultValue2/>
                <Placeholder2/>
                <AD_InfoColumn_Trl type="translation">
                    <Description>Column in the table</Description>
                    <Help>Link to the database column of the table</Help>
                    <Name>Column</Name>
                    <Placeholder/>
                    <Placeholder2/>
                    <AD_Language>es_CO</AD_Language>
                    <IsActive>Y</IsActive>
                    <IsTranslated>N</IsTranslated>
                </AD_InfoColumn_Trl>
            </AD_InfoColumn>
            <AD_InfoColumn type="table">
                <AD_Client_ID>0</AD_Client_ID>
                <AD_Org_ID>0</AD_Org_ID>
                <AD_Org_ID reference="id">0</AD_Org_ID>
                <IsActive>Y</IsActive>
                <Name>DB Table Name</Name>
                <Description>Name of the table in the database</Description>
                <Help>The DB Table Name indicates the name of the table in database.</Help>
                <AD_InfoWindow_ID reference="uuid" reference-key="AD_InfoWindow">74b76406-7584-41e6-b8bc-384955f3cd06</AD_InfoWindow_ID>
                <EntityType>U</EntityType>
                <SelectClause>t.TableName</SelectClause>
                <SeqNo>20</SeqNo>
                <IsDisplayed>Y</IsDisplayed>
                <IsQueryCriteria>Y</IsQueryCriteria>
                <AD_Element_ID reference="id">587</AD_Element_ID>
                <AD_Reference_ID reference="id">10</AD_Reference_ID>
                <AD_InfoColumn_UU>ab69d9b8-bea1-4c5c-8324-0a93f1fc9c93</AD_InfoColumn_UU>
                <AD_Reference_Value_ID reference="id"/>
                <AD_Val_Rule_ID reference="id"/>
                <IsCentrallyMaintained>Y</IsCentrallyMaintained>
                <DisplayLogic/>
                <ColumnName>TableName</ColumnName>
                <QueryOperator>Like</QueryOperator>
                <QueryFunction>Upper</QueryFunction>
                <IsIdentifier>Y</IsIdentifier>
                <SeqNoSelection>10</SeqNoSelection>
                <DefaultValue/>
                <IsMandatory>N</IsMandatory>
                <IsKey>N</IsKey>
                <IsReadOnly>Y</IsReadOnly>
                <Placeholder/>
                <InputFieldValidation/>
                <AD_FieldStyle_ID reference="id"/>
                <IsAutocomplete>N</IsAutocomplete>
                <IsQueryAfterChange>N</IsQueryAfterChange>
                <IsRange>N</IsRange>
                <DefaultValue2/>
                <Placeholder2/>
                <AD_InfoColumn_Trl type="translation">
                    <Description>Name of the table in the database</Description>
                    <Help>The DB Table Name indicates the name of the table in database.</Help>
                    <Name>DB Table Name</Name>
                    <Placeholder/>
                    <Placeholder2/>
                    <AD_Language>es_CO</AD_Language>
                    <IsActive>Y</IsActive>
                    <IsTranslated>N</IsTranslated>
                </AD_InfoColumn_Trl>
            </AD_InfoColumn>
            <AD_InfoColumn type="table">
                <AD_Client_ID>0</AD_Client_ID>
                <AD_Org_ID>0</AD_Org_ID>
                <AD_Org_ID reference="id">0</AD_Org_ID>
                <IsActive>Y</IsActive>
                <Name>Counter</Name>
                <Description>Count Value</Description>
                <Help>Number counter</Help>
                <AD_InfoWindow_ID reference="uuid" reference-key="AD_InfoWindow">74b76406-7584-41e6-b8bc-384955f3cd06</AD_InfoWindow_ID>
                <EntityType>U</EntityType>
                <SelectClause>COUNT(*)</SelectClause>
                <SeqNo>70</SeqNo>
                <IsDisplayed>Y</IsDisplayed>
                <IsQueryCriteria>N</IsQueryCriteria>
                <AD_Element_ID reference="id">1997</AD_Element_ID>
                <AD_Reference_ID reference="id">11</AD_Reference_ID>
                <AD_InfoColumn_UU>b7841deb-0bbb-4981-84ec-7a879cfd6e6b</AD_InfoColumn_UU>
                <AD_Reference_Value_ID reference="id"/>
                <AD_Val_Rule_ID reference="id"/>
                <IsCentrallyMaintained>Y</IsCentrallyMaintained>
                <DisplayLogic/>
                <ColumnName>Counter</ColumnName>
                <QueryOperator>=</QueryOperator>
                <QueryFunction/>
                <IsIdentifier>N</IsIdentifier>
                <SeqNoSelection>0</SeqNoSelection>
                <DefaultValue/>
                <IsMandatory>N</IsMandatory>
                <IsKey>N</IsKey>
                <IsReadOnly>Y</IsReadOnly>
                <Placeholder/>
                <InputFieldValidation/>
                <AD_FieldStyle_ID reference="id"/>
                <IsAutocomplete>N</IsAutocomplete>
                <IsQueryAfterChange>N</IsQueryAfterChange>
                <IsRange>N</IsRange>
                <DefaultValue2/>
                <Placeholder2/>
                <AD_InfoColumn_Trl type="translation">
                    <Description>Count Value</Description>
                    <Help>Number counter</Help>
                    <Name>Counter</Name>
                    <Placeholder/>
                    <Placeholder2/>
                    <AD_Language>es_CO</AD_Language>
                    <IsActive>Y</IsActive>
                    <IsTranslated>N</IsTranslated>
                </AD_InfoColumn_Trl>
            </AD_InfoColumn>
            <AD_InfoColumn type="table">
                <AD_Client_ID>0</AD_Client_ID>
                <AD_Org_ID>0</AD_Org_ID>
                <AD_Org_ID reference="id">0</AD_Org_ID>
                <IsActive>Y</IsActive>
                <Name>Table</Name>
                <Description>Database Table information</Description>
                <Help>The Database Table provides the information of the table definition</Help>
                <AD_InfoWindow_ID reference="uuid" reference-key="AD_InfoWindow">74b76406-7584-41e6-b8bc-384955f3cd06</AD_InfoWindow_ID>
                <EntityType>U</EntityType>
                <SelectClause>a.AD_Table_ID</SelectClause>
                <SeqNo>10</SeqNo>
                <IsDisplayed>N</IsDisplayed>
                <IsQueryCriteria>N</IsQueryCriteria>
                <AD_Element_ID reference="id">126</AD_Element_ID>
                <AD_Reference_ID reference="id">19</AD_Reference_ID>
                <AD_InfoColumn_UU>e639b8e8-3cb7-480e-957f-a1c89f1d1173</AD_InfoColumn_UU>
                <AD_Reference_Value_ID reference="id"/>
                <AD_Val_Rule_ID reference="id"/>
                <IsCentrallyMaintained>Y</IsCentrallyMaintained>
                <DisplayLogic/>
                <ColumnName>AD_Table_ID</ColumnName>
                <QueryOperator/>
                <QueryFunction/>
                <IsIdentifier>N</IsIdentifier>
                <SeqNoSelection>0</SeqNoSelection>
                <DefaultValue/>
                <IsMandatory>N</IsMandatory>
                <IsKey>N</IsKey>
                <IsReadOnly>Y</IsReadOnly>
                <Placeholder/>
                <InputFieldValidation/>
                <AD_FieldStyle_ID reference="id"/>
                <IsAutocomplete>N</IsAutocomplete>
                <IsQueryAfterChange>N</IsQueryAfterChange>
                <IsRange>N</IsRange>
                <DefaultValue2/>
                <Placeholder2/>
                <AD_InfoColumn_Trl type="translation">
                    <Description>Database Table information</Description>
                    <Help>The Database Table provides the information of the table definition</Help>
                    <Name>Table</Name>
                    <Placeholder/>
                    <Placeholder2/>
                    <AD_Language>es_CO</AD_Language>
                    <IsActive>Y</IsActive>
                    <IsTranslated>N</IsTranslated>
                </AD_InfoColumn_Trl>
            </AD_InfoColumn>
            <AD_InfoColumn type="table">
                <AD_Client_ID>0</AD_Client_ID>
                <AD_Org_ID>0</AD_Org_ID>
                <AD_Org_ID reference="id">0</AD_Org_ID>
                <IsActive>Y</IsActive>
                <Name>DB Column Name</Name>
                <Description>Name of the column in the database</Description>
                <Help>The Column Name indicates the name of a column on a table as defined in the database.</Help>
                <AD_InfoWindow_ID reference="uuid" reference-key="AD_InfoWindow">74b76406-7584-41e6-b8bc-384955f3cd06</AD_InfoWindow_ID>
                <EntityType>U</EntityType>
                <SelectClause>CASE WHEN '@ListDetails@'= 'Y' THEN c.ColumnName ELSE NULL END</SelectClause>
                <SeqNo>50</SeqNo>
                <IsDisplayed>Y</IsDisplayed>
                <IsQueryCriteria>Y</IsQueryCriteria>
                <AD_Element_ID reference="id">228</AD_Element_ID>
                <AD_Reference_ID reference="id">10</AD_Reference_ID>
                <AD_InfoColumn_UU>1bb6c952-c5e9-46eb-924b-8155b4ce2a77</AD_InfoColumn_UU>
                <AD_Reference_Value_ID reference="id"/>
                <AD_Val_Rule_ID reference="id"/>
                <IsCentrallyMaintained>Y</IsCentrallyMaintained>
                <DisplayLogic/>
                <ColumnName>ColumnName</ColumnName>
                <QueryOperator>Like</QueryOperator>
                <QueryFunction>Upper</QueryFunction>
                <IsIdentifier>Y</IsIdentifier>
                <SeqNoSelection>20</SeqNoSelection>
                <DefaultValue/>
                <IsMandatory>N</IsMandatory>
                <IsKey>N</IsKey>
                <IsReadOnly>Y</IsReadOnly>
                <Placeholder/>
                <InputFieldValidation/>
                <AD_FieldStyle_ID reference="id"/>
                <IsAutocomplete>N</IsAutocomplete>
                <IsQueryAfterChange>N</IsQueryAfterChange>
                <IsRange>N</IsRange>
                <DefaultValue2/>
                <Placeholder2/>
                <AD_InfoColumn_Trl type="translation">
                    <Description>Name of the column in the database</Description>
                    <Help>The Column Name indicates the name of a column on a table as defined in the database.</Help>
                    <Name>DB Column Name</Name>
                    <Placeholder/>
                    <Placeholder2/>
                    <AD_Language>es_CO</AD_Language>
                    <IsActive>Y</IsActive>
                    <IsTranslated>N</IsTranslated>
                </AD_InfoColumn_Trl>
            </AD_InfoColumn>
            <AD_InfoColumn type="table">
                <AD_Client_ID>0</AD_Client_ID>
                <AD_Org_ID>0</AD_Org_ID>
                <AD_Org_ID reference="id">0</AD_Org_ID>
                <IsActive>Y</IsActive>
                <Name>Allow Logging</Name>
                <Description>Determine if a column must be recorded into the change log</Description>
                <Help/>
                <AD_InfoWindow_ID reference="uuid" reference-key="AD_InfoWindow">74b76406-7584-41e6-b8bc-384955f3cd06</AD_InfoWindow_ID>
                <EntityType>U</EntityType>
                <SelectClause>CASE WHEN '@ListDetails@'= 'Y' THEN c.IsAllowLogging ELSE NULL END</SelectClause>
                <SeqNo>60</SeqNo>
                <IsDisplayed>Y</IsDisplayed>
                <IsQueryCriteria>N</IsQueryCriteria>
                <AD_Element_ID reference="id">53669</AD_Element_ID>
                <AD_Reference_ID reference="id">20</AD_Reference_ID>
                <AD_InfoColumn_UU>7b507426-131a-4da2-801d-1151b1a6c4a8</AD_InfoColumn_UU>
                <AD_Reference_Value_ID reference="id"/>
                <AD_Val_Rule_ID reference="id"/>
                <IsCentrallyMaintained>Y</IsCentrallyMaintained>
                <DisplayLogic>@ListDetails@=Y</DisplayLogic>
                <ColumnName>IsAllowLogging</ColumnName>
                <QueryOperator/>
                <QueryFunction/>
                <IsIdentifier>N</IsIdentifier>
                <SeqNoSelection>0</SeqNoSelection>
                <DefaultValue/>
                <IsMandatory>N</IsMandatory>
                <IsKey>N</IsKey>
                <IsReadOnly>Y</IsReadOnly>
                <Placeholder/>
                <InputFieldValidation/>
                <AD_FieldStyle_ID reference="id"/>
                <IsAutocomplete>N</IsAutocomplete>
                <IsQueryAfterChange>N</IsQueryAfterChange>
                <IsRange>N</IsRange>
                <DefaultValue2/>
                <Placeholder2/>
                <AD_InfoColumn_Trl type="translation">
                    <Description>Determine if a column must be recorded into the change log</Description>
                    <Help/>
                    <Name>Allow Logging</Name>
                    <Placeholder/>
                    <Placeholder2/>
                    <AD_Language>es_CO</AD_Language>
                    <IsActive>Y</IsActive>
                    <IsTranslated>N</IsTranslated>
                </AD_InfoColumn_Trl>
            </AD_InfoColumn>
            <AD_InfoColumn type="table">
                <AD_Client_ID>0</AD_Client_ID>
                <AD_Org_ID>0</AD_Org_ID>
                <AD_Org_ID reference="id">0</AD_Org_ID>
                <IsActive>Y</IsActive>
                <Name>Maintain Change Log</Name>
                <Description>Maintain a log of changes</Description>
                <Help>If selected, a log of all changes is maintained.</Help>
                <AD_InfoWindow_ID reference="uuid" reference-key="AD_InfoWindow">74b76406-7584-41e6-b8bc-384955f3cd06</AD_InfoWindow_ID>
                <EntityType>U</EntityType>
                <SelectClause>t.IsChangeLog</SelectClause>
                <SeqNo>30</SeqNo>
                <IsDisplayed>Y</IsDisplayed>
                <IsQueryCriteria>N</IsQueryCriteria>
                <AD_Element_ID reference="id">2046</AD_Element_ID>
                <AD_Reference_ID reference="id">20</AD_Reference_ID>
                <AD_InfoColumn_UU>6694b24f-f96a-453d-b021-8fc248f3bfe5</AD_InfoColumn_UU>
                <AD_Reference_Value_ID reference="id"/>
                <AD_Val_Rule_ID reference="id"/>
                <IsCentrallyMaintained>Y</IsCentrallyMaintained>
                <DisplayLogic/>
                <ColumnName>IsChangeLog</ColumnName>
                <QueryOperator/>
                <QueryFunction/>
                <IsIdentifier>N</IsIdentifier>
                <SeqNoSelection>0</SeqNoSelection>
                <DefaultValue/>
                <IsMandatory>N</IsMandatory>
                <IsKey>N</IsKey>
                <IsReadOnly>Y</IsReadOnly>
                <Placeholder/>
                <InputFieldValidation/>
                <AD_FieldStyle_ID reference="id"/>
                <IsAutocomplete>N</IsAutocomplete>
                <IsQueryAfterChange>N</IsQueryAfterChange>
                <IsRange>N</IsRange>
                <DefaultValue2/>
                <Placeholder2/>
                <AD_InfoColumn_Trl type="translation">
                    <Description>Maintain a log of changes</Description>
                    <Help>If selected, a log of all changes is maintained.</Help>
                    <Name>Maintain Change Log</Name>
                    <Placeholder/>
                    <Placeholder2/>
                    <AD_Language>es_CO</AD_Language>
                    <IsActive>Y</IsActive>
                    <IsTranslated>N</IsTranslated>
                </AD_InfoColumn_Trl>
            </AD_InfoColumn>
            <AD_InfoColumn type="table">
                <AD_Client_ID>0</AD_Client_ID>
                <AD_Org_ID>0</AD_Org_ID>
                <AD_Org_ID reference="id">0</AD_Org_ID>
                <IsActive>Y</IsActive>
                <Name>Record ID</Name>
                <Description>Direct internal record ID</Description>
                <Help>The Record ID is the internal unique identifier of a record. Please note that zooming to the record may not be successful for Orders, Invoices and Shipment/Receipts as sometimes the Sales Order type is not known.</Help>
                <AD_InfoWindow_ID reference="uuid" reference-key="AD_InfoWindow">74b76406-7584-41e6-b8bc-384955f3cd06</AD_InfoWindow_ID>
                <EntityType>U</EntityType>
                <SelectClause>CASE WHEN '@ListDetails@'= 'Y' THEN a.AD_Column_ID ELSE a.AD_Table_ID END</SelectClause>
                <SeqNo>100</SeqNo>
                <IsDisplayed>N</IsDisplayed>
                <IsQueryCriteria>N</IsQueryCriteria>
                <AD_Element_ID reference="id">538</AD_Element_ID>
                <AD_Reference_ID reference="id">28</AD_Reference_ID>
                <AD_InfoColumn_UU>ab09fce5-1a50-4af1-8525-efa730314782</AD_InfoColumn_UU>
                <AD_Reference_Value_ID reference="id"/>
                <AD_Val_Rule_ID reference="id"/>
                <IsCentrallyMaintained>Y</IsCentrallyMaintained>
                <DisplayLogic/>
                <ColumnName>Record_ID</ColumnName>
                <QueryOperator/>
                <QueryFunction/>
                <IsIdentifier>N</IsIdentifier>
                <SeqNoSelection>0</SeqNoSelection>
                <DefaultValue/>
                <IsMandatory>N</IsMandatory>
                <IsKey>Y</IsKey>
                <IsReadOnly>Y</IsReadOnly>
                <Placeholder/>
                <InputFieldValidation/>
                <AD_FieldStyle_ID reference="id"/>
                <IsAutocomplete>N</IsAutocomplete>
                <IsQueryAfterChange>N</IsQueryAfterChange>
                <IsRange>N</IsRange>
                <DefaultValue2/>
                <Placeholder2/>
                <AD_InfoColumn_Trl type="translation">
                    <Description>Direct internal record ID</Description>
                    <Help>The Record ID is the internal unique identifier of a record. Please note that zooming to the record may not be successful for Orders, Invoices and Shipment/Receipts as sometimes the Sales Order type is not known.</Help>
                    <Name>Record ID</Name>
                    <Placeholder/>
                    <Placeholder2/>
                    <AD_Language>es_CO</AD_Language>
                    <IsActive>Y</IsActive>
                    <IsTranslated>N</IsTranslated>
                </AD_InfoColumn_Trl>
            </AD_InfoColumn>
            <AD_InfoColumn type="table">
                <AD_Client_ID>0</AD_Client_ID>
                <AD_Org_ID>0</AD_Org_ID>
                <AD_Org_ID reference="id">0</AD_Org_ID>
                <IsActive>Y</IsActive>
                <Name>List Details</Name>
                <Description>List document details</Description>
                <Help>The List Details checkbox indicates that the details for each document line will be displayed.</Help>
                <AD_InfoWindow_ID reference="uuid" reference-key="AD_InfoWindow">74b76406-7584-41e6-b8bc-384955f3cd06</AD_InfoWindow_ID>
                <EntityType>U</EntityType>
                <SelectClause>'@ListDetails@'</SelectClause>
                <SeqNo>80</SeqNo>
                <IsDisplayed>N</IsDisplayed>
                <IsQueryCriteria>Y</IsQueryCriteria>
                <AD_Element_ID reference="id">1574</AD_Element_ID>
                <AD_Reference_ID reference="id">20</AD_Reference_ID>
                <AD_InfoColumn_UU>c2fcf369-6417-4046-a148-f330807010c3</AD_InfoColumn_UU>
                <AD_Reference_Value_ID reference="id"/>
                <AD_Val_Rule_ID reference="id"/>
                <IsCentrallyMaintained>Y</IsCentrallyMaintained>
                <DisplayLogic/>
                <ColumnName>ListDetails</ColumnName>
                <QueryOperator>=</QueryOperator>
                <QueryFunction/>
                <IsIdentifier>N</IsIdentifier>
                <SeqNoSelection>30</SeqNoSelection>
                <DefaultValue>Y</DefaultValue>
                <IsMandatory>N</IsMandatory>
                <IsKey>N</IsKey>
                <IsReadOnly>Y</IsReadOnly>
                <Placeholder/>
                <InputFieldValidation/>
                <AD_FieldStyle_ID reference="id"/>
                <IsAutocomplete>N</IsAutocomplete>
                <IsQueryAfterChange>N</IsQueryAfterChange>
                <IsRange>N</IsRange>
                <DefaultValue2/>
                <Placeholder2/>
                <AD_InfoColumn_Trl type="translation">
                    <Description>List document details</Description>
                    <Help>The List Details checkbox indicates that the details for each document line will be displayed.</Help>
                    <Name>List Details</Name>
                    <Placeholder/>
                    <Placeholder2/>
                    <AD_Language>es_CO</AD_Language>
                    <IsActive>Y</IsActive>
                    <IsTranslated>N</IsTranslated>
                </AD_InfoColumn_Trl>
            </AD_InfoColumn>
            <AD_InfoColumn type="table">
                <AD_Client_ID>0</AD_Client_ID>
                <AD_Org_ID>0</AD_Org_ID>
                <AD_Org_ID reference="id">0</AD_Org_ID>
                <IsActive>Y</IsActive>
                <Name>Result</Name>
                <Description>Result of the action taken</Description>
                <Help>The Result indicates the result of any action taken on this request.</Help>
                <AD_InfoWindow_ID reference="uuid" reference-key="AD_InfoWindow">74b76406-7584-41e6-b8bc-384955f3cd06</AD_InfoWindow_ID>
                <EntityType>U</EntityType>
                <SelectClause>a.AD_Table_ID||'|'||CASE WHEN '@ListDetails@'= 'Y' THEN a.AD_Column_ID ELSE 0 END</SelectClause>
                <SeqNo>90</SeqNo>
                <IsDisplayed>N</IsDisplayed>
                <IsQueryCriteria>N</IsQueryCriteria>
                <AD_Element_ID reference="id">546</AD_Element_ID>
                <AD_Reference_ID reference="id">10</AD_Reference_ID>
                <AD_InfoColumn_UU>5df88019-163f-40fc-8846-f74f7d061168</AD_InfoColumn_UU>
                <AD_Reference_Value_ID reference="id"/>
                <AD_Val_Rule_ID reference="id"/>
                <IsCentrallyMaintained>Y</IsCentrallyMaintained>
                <DisplayLogic/>
                <ColumnName>Result</ColumnName>
                <QueryOperator>Like</QueryOperator>
                <QueryFunction>Upper</QueryFunction>
                <IsIdentifier>N</IsIdentifier>
                <SeqNoSelection>0</SeqNoSelection>
                <DefaultValue/>
                <IsMandatory>N</IsMandatory>
                <IsKey>N</IsKey>
                <IsReadOnly>Y</IsReadOnly>
                <Placeholder/>
                <InputFieldValidation/>
                <AD_FieldStyle_ID reference="id"/>
                <IsAutocomplete>N</IsAutocomplete>
                <IsQueryAfterChange>N</IsQueryAfterChange>
                <IsRange>N</IsRange>
                <DefaultValue2/>
                <Placeholder2/>
                <AD_InfoColumn_Trl type="translation">
                    <Description>Result of the action taken</Description>
                    <Help>The Result indicates the result of any action taken on this request.</Help>
                    <Name>Result</Name>
                    <Placeholder/>
                    <Placeholder2/>
                    <AD_Language>es_CO</AD_Language>
                    <IsActive>Y</IsActive>
                    <IsTranslated>N</IsTranslated>
                </AD_InfoColumn_Trl>
            </AD_InfoColumn>
            <AD_Process type="table">
                <AD_Client_ID>0</AD_Client_ID>
                <AD_Org_ID>0</AD_Org_ID>
                <AD_Org_ID reference="id">0</AD_Org_ID>
                <IsActive>Y</IsActive>
                <Name>Disable Change Log for Columns</Name>
                <Description/>
                <Help/>
                <ProcedureName/>
                <IsReport>N</IsReport>
                <Value>DisableChangeLogColumn</Value>
                <IsDirectPrint>N</IsDirectPrint>
                <AD_ReportView_ID reference="id"/>
                <Classname>de.bxservice.process.changeloganalyzer.DisableChangeLog</Classname>
                <AccessLevel>4</AccessLevel>
                <EntityType>U</EntityType>
                <Statistic_Count>6</Statistic_Count>
                <Statistic_Seconds>209</Statistic_Seconds>
                <AD_PrintFormat_ID reference="id"/>
                <WorkflowValue/>
                <AD_Workflow_ID reference="id"/>
                <IsBetaFunctionality>N</IsBetaFunctionality>
                <ShowHelp>Y</ShowHelp>
                <JasperReport/>
                <AD_Form_ID reference="id"/>
                <CopyFromProcess>N</CopyFromProcess>
                <AD_Process_UU>38ef45f6-b8bd-4d7b-9875-5118407c07a3</AD_Process_UU>
                <AD_CtxHelp_ID reference="id"/>
                <ExecutionType/>
                <AllowMultipleExecution>P</AllowMultipleExecution>
                <FileNamePattern/>
                <AD_Process_Trl type="translation">
                    <Description/>
                    <Help/>
                    <Name>Disable Change Log</Name>
                    <AD_Language>es_CO</AD_Language>
                    <IsActive>Y</IsActive>
                    <IsTranslated>N</IsTranslated>
                </AD_Process_Trl>
                <AD_Element type="table">
                    <AD_Client_ID>0</AD_Client_ID>
                    <AD_Org_ID>0</AD_Org_ID>
                    <AD_Org_ID reference="id">0</AD_Org_ID>
                    <IsActive>Y</IsActive>
                    <ColumnName>IsDisableTableChangeLog</ColumnName>
                    <Name>Disable Change Log for Table</Name>
                    <Description/>
                    <Help/>
                    <PrintName>Disable Change Log for Table</PrintName>
                    <PO_Description/>
                    <PO_Help/>
                    <PO_Name/>
                    <PO_PrintName/>
                    <EntityType>U</EntityType>
                    <AD_Element_UU>31d25a06-e7ff-4b9e-9c4a-51ff7adca082</AD_Element_UU>
                    <Placeholder/>
                    <AD_Element_Trl type="translation">
                        <Description/>
                        <Help/>
                        <Name>Disable Change Log for Table</Name>
                        <Placeholder/>
                        <PO_Description/>
                        <PO_Help/>
                        <PO_Name/>
                        <PO_PrintName/>
                        <PrintName>Disable Change Log for Table</PrintName>
                        <AD_Language>es_CO</AD_Language>
                        <IsActive>Y</IsActive>
                        <IsTranslated>N</IsTranslated>
                    </AD_Element_Trl>
                </AD_Element>
                <AD_Process_Para type="table">
                    <AD_Client_ID>0</AD_Client_ID>
                    <AD_Org_ID>0</AD_Org_ID>
                    <AD_Org_ID reference="id">0</AD_Org_ID>
                    <IsActive>Y</IsActive>
                    <Name>Disable Change Log for Table</Name>
                    <Description/>
                    <Help/>
                    <AD_Process_ID reference="uuid" reference-key="AD_Process">38ef45f6-b8bd-4d7b-9875-5118407c07a3</AD_Process_ID>
                    <SeqNo>10</SeqNo>
                    <AD_Reference_ID reference="id">20</AD_Reference_ID>
                    <AD_Reference_Value_ID reference="id"/>
                    <IsRange>N</IsRange>
                    <AD_Val_Rule_ID reference="id"/>
                    <FieldLength>1</FieldLength>
                    <IsMandatory>Y</IsMandatory>
                    <DefaultValue>N</DefaultValue>
                    <VFormat/>
                    <ValueMin/>
                    <ValueMax/>
                    <ColumnName>IsDisableTableChangeLog</ColumnName>
                    <DefaultValue2/>
                    <IsCentrallyMaintained>Y</IsCentrallyMaintained>
                    <EntityType>U</EntityType>
                    <AD_Element_ID reference="uuid" reference-key="AD_Element">31d25a06-e7ff-4b9e-9c4a-51ff7adca082</AD_Element_ID>
                    <ReadOnlyLogic/>
                    <DisplayLogic/>
                    <AD_Process_Para_UU>12f911e8-e4da-4ff1-9cbf-396390afcf52</AD_Process_Para_UU>
                    <IsEncrypted>N</IsEncrypted>
                    <MandatoryLogic/>
                    <Query/>
                    <AD_FieldGroup_ID reference="id"/>
                    <Placeholder/>
                    <Placeholder2/>
                    <IsAutocomplete>N</IsAutocomplete>
                    <DateRangeOption>D</DateRangeOption>
                    <IsShowNegateButton>N</IsShowNegateButton>
                    <AD_Process_Para_Trl type="translation">
                        <Description/>
                        <Help/>
                        <Name>Disable Change Log for Table</Name>
                        <Placeholder/>
                        <Placeholder2/>
                        <AD_Language>es_CO</AD_Language>
                        <IsActive>Y</IsActive>
                        <IsTranslated>N</IsTranslated>
                    </AD_Process_Para_Trl>
                </AD_Process_Para>
                <AD_Element type="table">
                    <AD_Client_ID>0</AD_Client_ID>
                    <AD_Org_ID>0</AD_Org_ID>
                    <AD_Org_ID reference="id">0</AD_Org_ID>
                    <IsActive>Y</IsActive>
                    <ColumnName>IsDisableColumnChangeLog</ColumnName>
                    <Name>Disable Change Log for Column</Name>
                    <Description/>
                    <Help/>
                    <PrintName>Disable Change Log for Column</PrintName>
                    <PO_Description/>
                    <PO_Help/>
                    <PO_Name/>
                    <PO_PrintName/>
                    <EntityType>U</EntityType>
                    <AD_Element_UU>70a8afe3-fb36-4f11-a25e-27ddecbd87d3</AD_Element_UU>
                    <Placeholder/>
                    <AD_Element_Trl type="translation">
                        <Description/>
                        <Help/>
                        <Name>Disable Change Log for Column</Name>
                        <Placeholder/>
                        <PO_Description/>
                        <PO_Help/>
                        <PO_Name/>
                        <PO_PrintName/>
                        <PrintName>Disable Change Log for Column</PrintName>
                        <AD_Language>es_CO</AD_Language>
                        <IsActive>Y</IsActive>
                        <IsTranslated>N</IsTranslated>
                    </AD_Element_Trl>
                </AD_Element>
                <AD_Process_Para type="table">
                    <AD_Client_ID>0</AD_Client_ID>
                    <AD_Org_ID>0</AD_Org_ID>
                    <AD_Org_ID reference="id">0</AD_Org_ID>
                    <IsActive>Y</IsActive>
                    <Name>Disable Change Log for Column</Name>
                    <Description/>
                    <Help/>
                    <AD_Process_ID reference="uuid" reference-key="AD_Process">38ef45f6-b8bd-4d7b-9875-5118407c07a3</AD_Process_ID>
                    <SeqNo>20</SeqNo>
                    <AD_Reference_ID reference="id">20</AD_Reference_ID>
                    <AD_Reference_Value_ID reference="id"/>
                    <IsRange>N</IsRange>
                    <AD_Val_Rule_ID reference="id"/>
                    <FieldLength>1</FieldLength>
                    <IsMandatory>Y</IsMandatory>
                    <DefaultValue>Y</DefaultValue>
                    <VFormat/>
                    <ValueMin/>
                    <ValueMax/>
                    <ColumnName>IsDisableColumnChangeLog</ColumnName>
                    <DefaultValue2/>
                    <IsCentrallyMaintained>Y</IsCentrallyMaintained>
                    <EntityType>U</EntityType>
                    <AD_Element_ID reference="uuid" reference-key="AD_Element">70a8afe3-fb36-4f11-a25e-27ddecbd87d3</AD_Element_ID>
                    <ReadOnlyLogic/>
                    <DisplayLogic/>
                    <AD_Process_Para_UU>03d943eb-cffe-46cc-859a-c0f4429e3238</AD_Process_Para_UU>
                    <IsEncrypted>N</IsEncrypted>
                    <MandatoryLogic/>
                    <Query/>
                    <AD_FieldGroup_ID reference="id"/>
                    <Placeholder/>
                    <Placeholder2/>
                    <IsAutocomplete>N</IsAutocomplete>
                    <DateRangeOption>D</DateRangeOption>
                    <IsShowNegateButton>N</IsShowNegateButton>
                    <AD_Process_Para_Trl type="translation">
                        <Description/>
                        <Help/>
                        <Name>Disable Change Log for Column</Name>
                        <Placeholder/>
                        <Placeholder2/>
                        <AD_Language>es_CO</AD_Language>
                        <IsActive>Y</IsActive>
                        <IsTranslated>N</IsTranslated>
                    </AD_Process_Para_Trl>
                </AD_Process_Para>
                <AD_Element type="table">
                    <AD_Client_ID>0</AD_Client_ID>
                    <AD_Org_ID>0</AD_Org_ID>
                    <AD_Org_ID reference="id">0</AD_Org_ID>
                    <IsActive>Y</IsActive>
                    <ColumnName>IsDeleteChangeLogRecords</ColumnName>
                    <Name>Delete Change Log Records</Name>
                    <Description/>
                    <Help/>
                    <PrintName>Delete Change Log Records</PrintName>
                    <PO_Description/>
                    <PO_Help/>
                    <PO_Name/>
                    <PO_PrintName/>
                    <EntityType>U</EntityType>
                    <AD_Element_UU>68fac71f-b950-4f50-b901-9afeba0783cb</AD_Element_UU>
                    <Placeholder/>
                    <AD_Element_Trl type="translation">
                        <Description/>
                        <Help/>
                        <Name>Delete Change Log Records</Name>
                        <Placeholder/>
                        <PO_Description/>
                        <PO_Help/>
                        <PO_Name/>
                        <PO_PrintName/>
                        <PrintName>Delete Change Log Records</PrintName>
                        <AD_Language>es_CO</AD_Language>
                        <IsActive>Y</IsActive>
                        <IsTranslated>N</IsTranslated>
                    </AD_Element_Trl>
                </AD_Element>
                <AD_Process_Para type="table">
                    <AD_Client_ID>0</AD_Client_ID>
                    <AD_Org_ID>0</AD_Org_ID>
                    <AD_Org_ID reference="id">0</AD_Org_ID>
                    <IsActive>Y</IsActive>
                    <Name>Delete Change Log Records</Name>
                    <Description/>
                    <Help/>
                    <AD_Process_ID reference="uuid" reference-key="AD_Process">38ef45f6-b8bd-4d7b-9875-5118407c07a3</AD_Process_ID>
                    <SeqNo>30</SeqNo>
                    <AD_Reference_ID reference="id">20</AD_Reference_ID>
                    <AD_Reference_Value_ID reference="id"/>
                    <IsRange>N</IsRange>
                    <AD_Val_Rule_ID reference="id"/>
                    <FieldLength>1</FieldLength>
                    <IsMandatory>Y</IsMandatory>
                    <DefaultValue>N</DefaultValue>
                    <VFormat/>
                    <ValueMin/>
                    <ValueMax/>
                    <ColumnName>IsDeleteChangeLogRecords</ColumnName>
                    <DefaultValue2/>
                    <IsCentrallyMaintained>Y</IsCentrallyMaintained>
                    <EntityType>U</EntityType>
                    <AD_Element_ID reference="uuid" reference-key="AD_Element">68fac71f-b950-4f50-b901-9afeba0783cb</AD_Element_ID>
                    <ReadOnlyLogic/>
                    <DisplayLogic/>
                    <AD_Process_Para_UU>d3dfd62c-87d5-4ef8-84cf-1861f2a13870</AD_Process_Para_UU>
                    <IsEncrypted>N</IsEncrypted>
                    <MandatoryLogic/>
                    <Query/>
                    <AD_FieldGroup_ID reference="id"/>
                    <Placeholder/>
                    <Placeholder2/>
                    <IsAutocomplete>N</IsAutocomplete>
                    <DateRangeOption>D</DateRangeOption>
                    <IsShowNegateButton>N</IsShowNegateButton>
                    <AD_Process_Para_Trl type="translation">
                        <Description/>
                        <Help/>
                        <Name>Delete Change Log Records</Name>
                        <Placeholder/>
                        <Placeholder2/>
                        <AD_Language>es_CO</AD_Language>
                        <IsActive>Y</IsActive>
                        <IsTranslated>N</IsTranslated>
                    </AD_Process_Para_Trl>
                </AD_Process_Para>
            </AD_Process>
            <AD_InfoProcess type="table">
                <AD_Client_ID>0</AD_Client_ID>
                <AD_Org_ID>0</AD_Org_ID>
                <AD_InfoProcess_UU>cf8dea7c-3bb5-4301-8acc-0e34a3cbffe4</AD_InfoProcess_UU>
                <AD_Org_ID reference="id">0</AD_Org_ID>
                <IsActive>Y</IsActive>
                <ImageURL/>
                <SeqNo>10</SeqNo>
                <AD_Process_ID reference="uuid" reference-key="AD_Process">38ef45f6-b8bd-4d7b-9875-5118407c07a3</AD_Process_ID>
                <AD_InfoWindow_ID reference="uuid" reference-key="AD_InfoWindow">74b76406-7584-41e6-b8bc-384955f3cd06</AD_InfoWindow_ID>
                <LayoutType>B</LayoutType>
                <DisplayLogic>@ListDetails@=Y</DisplayLogic>
                <AD_InfoColumn_ID reference="uuid" reference-key="AD_InfoColumn">5df88019-163f-40fc-8846-f74f7d061168</AD_InfoColumn_ID>
                <EntityType>U</EntityType>
            </AD_InfoProcess>
            <AD_Process type="table">
                <AD_Client_ID>0</AD_Client_ID>
                <AD_Org_ID>0</AD_Org_ID>
                <AD_Org_ID reference="id">0</AD_Org_ID>
                <IsActive>Y</IsActive>
                <Name>Disable Change Log for Tables</Name>
                <Description/>
                <Help/>
                <ProcedureName/>
                <IsReport>N</IsReport>
                <Value>DisableChangeLogTable</Value>
                <IsDirectPrint>N</IsDirectPrint>
                <AD_ReportView_ID reference="id"/>
                <Classname>de.bxservice.process.changeloganalyzer.DisableChangeLog</Classname>
                <AccessLevel>4</AccessLevel>
                <EntityType>U</EntityType>
                <Statistic_Count>1</Statistic_Count>
                <Statistic_Seconds>2</Statistic_Seconds>
                <AD_PrintFormat_ID reference="id"/>
                <WorkflowValue/>
                <AD_Workflow_ID reference="id"/>
                <IsBetaFunctionality>N</IsBetaFunctionality>
                <ShowHelp>Y</ShowHelp>
                <JasperReport/>
                <AD_Form_ID reference="id"/>
                <CopyFromProcess>N</CopyFromProcess>
                <AD_Process_UU>676adad0-063f-4c67-b438-c93a5d9db217</AD_Process_UU>
                <AD_CtxHelp_ID reference="id"/>
                <ExecutionType/>
                <AllowMultipleExecution>P</AllowMultipleExecution>
                <FileNamePattern/>
                <AD_Process_Trl type="translation">
                    <Description/>
                    <Help/>
                    <Name>Disable Change Log for Tables</Name>
                    <AD_Language>es_CO</AD_Language>
                    <IsActive>Y</IsActive>
                    <IsTranslated>N</IsTranslated>
                </AD_Process_Trl>
                <AD_Process_Para type="table">
                    <AD_Client_ID>0</AD_Client_ID>
                    <AD_Org_ID>0</AD_Org_ID>
                    <AD_Org_ID reference="id">0</AD_Org_ID>
                    <IsActive>Y</IsActive>
                    <Name>Disable Change Log for Table</Name>
                    <Description/>
                    <Help/>
                    <AD_Process_ID reference="uuid" reference-key="AD_Process">676adad0-063f-4c67-b438-c93a5d9db217</AD_Process_ID>
                    <SeqNo>10</SeqNo>
                    <AD_Reference_ID reference="id">20</AD_Reference_ID>
                    <AD_Reference_Value_ID reference="id"/>
                    <IsRange>N</IsRange>
                    <AD_Val_Rule_ID reference="id"/>
                    <FieldLength>1</FieldLength>
                    <IsMandatory>Y</IsMandatory>
                    <DefaultValue>Y</DefaultValue>
                    <VFormat/>
                    <ValueMin/>
                    <ValueMax/>
                    <ColumnName>IsDisableTableChangeLog</ColumnName>
                    <DefaultValue2/>
                    <IsCentrallyMaintained>Y</IsCentrallyMaintained>
                    <EntityType>U</EntityType>
                    <AD_Element_ID reference="uuid" reference-key="AD_Element">31d25a06-e7ff-4b9e-9c4a-51ff7adca082</AD_Element_ID>
                    <ReadOnlyLogic/>
                    <DisplayLogic/>
                    <AD_Process_Para_UU>3be4a343-6ec6-4df5-9b4f-e87046947ce0</AD_Process_Para_UU>
                    <IsEncrypted>N</IsEncrypted>
                    <MandatoryLogic/>
                    <Query/>
                    <AD_FieldGroup_ID reference="id"/>
                    <Placeholder/>
                    <Placeholder2/>
                    <IsAutocomplete>N</IsAutocomplete>
                    <DateRangeOption>D</DateRangeOption>
                    <IsShowNegateButton>N</IsShowNegateButton>
                    <AD_Process_Para_Trl type="translation">
                        <Description/>
                        <Help/>
                        <Name>Disable Change Log for Table</Name>
                        <Placeholder/>
                        <Placeholder2/>
                        <AD_Language>es_CO</AD_Language>
                        <IsActive>Y</IsActive>
                        <IsTranslated>N</IsTranslated>
                    </AD_Process_Para_Trl>
                </AD_Process_Para>
                <AD_Process_Para type="table">
                    <AD_Client_ID>0</AD_Client_ID>
                    <AD_Org_ID>0</AD_Org_ID>
                    <AD_Org_ID reference="id">0</AD_Org_ID>
                    <IsActive>Y</IsActive>
                    <Name>Disable Change Log for Column</Name>
                    <Description/>
                    <Help/>
                    <AD_Process_ID reference="uuid" reference-key="AD_Process">676adad0-063f-4c67-b438-c93a5d9db217</AD_Process_ID>
                    <SeqNo>20</SeqNo>
                    <AD_Reference_ID reference="id">20</AD_Reference_ID>
                    <AD_Reference_Value_ID reference="id"/>
                    <IsRange>N</IsRange>
                    <AD_Val_Rule_ID reference="id"/>
                    <FieldLength>1</FieldLength>
                    <IsMandatory>Y</IsMandatory>
                    <DefaultValue>N</DefaultValue>
                    <VFormat/>
                    <ValueMin/>
                    <ValueMax/>
                    <ColumnName>IsDisableColumnChangeLog</ColumnName>
                    <DefaultValue2/>
                    <IsCentrallyMaintained>Y</IsCentrallyMaintained>
                    <EntityType>U</EntityType>
                    <AD_Element_ID reference="uuid" reference-key="AD_Element">70a8afe3-fb36-4f11-a25e-27ddecbd87d3</AD_Element_ID>
                    <ReadOnlyLogic/>
                    <DisplayLogic>1=2</DisplayLogic>
                    <AD_Process_Para_UU>bf0b8ae3-f28f-4545-bc20-46b018ce8b9d</AD_Process_Para_UU>
                    <IsEncrypted>N</IsEncrypted>
                    <MandatoryLogic/>
                    <Query/>
                    <AD_FieldGroup_ID reference="id"/>
                    <Placeholder/>
                    <Placeholder2/>
                    <IsAutocomplete>N</IsAutocomplete>
                    <DateRangeOption>D</DateRangeOption>
                    <IsShowNegateButton>N</IsShowNegateButton>
                    <AD_Process_Para_Trl type="translation">
                        <Description/>
                        <Help/>
                        <Name>Disable Change Log for Column</Name>
                        <Placeholder/>
                        <Placeholder2/>
                        <AD_Language>es_CO</AD_Language>
                        <IsActive>Y</IsActive>
                        <IsTranslated>N</IsTranslated>
                    </AD_Process_Para_Trl>
                </AD_Process_Para>
                <AD_Process_Para type="table">
                    <AD_Client_ID>0</AD_Client_ID>
                    <AD_Org_ID>0</AD_Org_ID>
                    <AD_Org_ID reference="id">0</AD_Org_ID>
                    <IsActive>Y</IsActive>
                    <Name>Delete Change Log Records</Name>
                    <Description/>
                    <Help/>
                    <AD_Process_ID reference="uuid" reference-key="AD_Process">676adad0-063f-4c67-b438-c93a5d9db217</AD_Process_ID>
                    <SeqNo>30</SeqNo>
                    <AD_Reference_ID reference="id">20</AD_Reference_ID>
                    <AD_Reference_Value_ID reference="id"/>
                    <IsRange>N</IsRange>
                    <AD_Val_Rule_ID reference="id"/>
                    <FieldLength>1</FieldLength>
                    <IsMandatory>Y</IsMandatory>
                    <DefaultValue>N</DefaultValue>
                    <VFormat/>
                    <ValueMin/>
                    <ValueMax/>
                    <ColumnName>IsDeleteChangeLogRecords</ColumnName>
                    <DefaultValue2/>
                    <IsCentrallyMaintained>Y</IsCentrallyMaintained>
                    <EntityType>U</EntityType>
                    <AD_Element_ID reference="uuid" reference-key="AD_Element">68fac71f-b950-4f50-b901-9afeba0783cb</AD_Element_ID>
                    <ReadOnlyLogic/>
                    <DisplayLogic/>
                    <AD_Process_Para_UU>f7de7655-386d-4069-b1e7-486772a78e9c</AD_Process_Para_UU>
                    <IsEncrypted>N</IsEncrypted>
                    <MandatoryLogic/>
                    <Query/>
                    <AD_FieldGroup_ID reference="id"/>
                    <Placeholder/>
                    <Placeholder2/>
                    <IsAutocomplete>N</IsAutocomplete>
                    <DateRangeOption>D</DateRangeOption>
                    <IsShowNegateButton>N</IsShowNegateButton>
                    <AD_Process_Para_Trl type="translation">
                        <Description/>
                        <Help/>
                        <Name>Delete Change Log Records</Name>
                        <Placeholder/>
                        <Placeholder2/>
                        <AD_Language>es_CO</AD_Language>
                        <IsActive>Y</IsActive>
                        <IsTranslated>N</IsTranslated>
                    </AD_Process_Para_Trl>
                </AD_Process_Para>
            </AD_Process>
            <AD_InfoProcess type="table">
                <AD_Client_ID>0</AD_Client_ID>
                <AD_Org_ID>0</AD_Org_ID>
                <AD_InfoProcess_UU>20c0f9b2-df55-40ac-b006-fc8876adc01e</AD_InfoProcess_UU>
                <AD_Org_ID reference="id">0</AD_Org_ID>
                <IsActive>Y</IsActive>
                <ImageURL/>
                <SeqNo>20</SeqNo>
                <AD_Process_ID reference="uuid" reference-key="AD_Process">676adad0-063f-4c67-b438-c93a5d9db217</AD_Process_ID>
                <AD_InfoWindow_ID reference="uuid" reference-key="AD_InfoWindow">74b76406-7584-41e6-b8bc-384955f3cd06</AD_InfoWindow_ID>
                <LayoutType>B</LayoutType>
                <DisplayLogic>@ListDetails@=N</DisplayLogic>
                <AD_InfoColumn_ID reference="uuid" reference-key="AD_InfoColumn">5df88019-163f-40fc-8846-f74f7d061168</AD_InfoColumn_ID>
                <EntityType>U</EntityType>
            </AD_InfoProcess>
        </AD_InfoWindow>
    </AD_Menu>
</idempiere>
